LOG	O
IN	O
,	O
DOWNLOAD	O
MOBILE	O
APP	O
MOBILE	O
LOG	O
IN	O
,	O
FULL	O
SITE	O
LOG	O
IN	O
,	O
COMMERCIAL	O
BANKING	O
LOG	O
IN	O
,	O
DOWNLOAD	O
MOBILE	O
APP	O
,	O
MOBILE	O
LOG	O
IN	O
,	O
FULL	O
SITE	O
LOG	O
IN	O
,	O
COMMERCIAL	O
BANKING	O
LOG	O
IN	O
,	O
LOG	O
IN	O
,	O
DOWNLOAD	O
MOBILE	O
APP	O
MOBILE	O
LOG	O
IN	O
,	O
FULL	O
SITE	O
LOG	O
IN	O
,	O
COMMERCIAL	O
BANKING	O
LOG	O
IN	O
,	O
DOWNLOAD	O
MOBILE	O
APP	O
,	O
MOBILE	O
LOG	O
IN	O
,	O
FULL	O
SITE	O
LOG	O
IN	O
,	O
COMMERCIAL	O
BANKING	O
LOG	O
IN	O
,	O
Online	O
&	O
Mobile	O
Banking	O
,	O
BACK	O
,	O
BORROW	O
,	O
Mortgages	O
,	O
Equity	O
Lines	O
&	O
Loans	O
,	O
Personal	O
Lines	O
of	O
Credit	O
&	O
Loans	O
,	O
Auto	O
Financing	O
,	O
Homeowner	O
Plus	O
Value	O
Package	O
,	O
Student	O
Planning	O
,	O
First	O
Time	O
Home	O
Buyer	O
,	O
Online	O
&	O
Mobile	O
Banking	O
,	O
BACK	O
,	O
CASH	O
MANAGEMENT	O
,	O
Lockbox	O
Services	O
,	O
Electronic	O
Deposit	O
Manager	O
,	O
Cash	O
Handling	O
,	O
BACK	O
,	O
INDUSTRIES	O
,	O
Government	O
,	O
Healthcare	O
,	O
Energy	O
Finance	O
,	O
Retail	O
,	O
US	O
Financial	O
Institutions	O
,	O
Dealer	O
Finance	O
,	O
Borrow	O
,	O
Products	O
Mortgages	O
Personal	O
Lines	O
of	O
Credit	O
&	O
Loans	O
Equity	O
Lines	O
&	O
Loans	O
Auto	O
Financing	O
Services	O
Homeowner	O
Plus	O
Value	O
Package	O
Services	O
Homeowner	O
Plus	O
Value	O
Package	O
,	O
Buy	O
a	O
Home	O
First	O
Time	O
Home	O
Buyer	O
,	O
Buying	O
a	O
Home	O
,	O
Refinancing	O
a	O
Mortgage	O
,	O
Plan	O
for	O
Education	O
Planning	O
for	O
Your	O
Child	O
,	O
Student	O
Planning	O
,	O
https://www.53.com/about/in-the-news/executive-bios.html	O
