Steven	PERSON
J.	PERSON
Bresky	PERSON
President	TITLE
Chief	TITLE
Executive	TITLE
Officer	TITLE
Robert	PERSON
L.	PERSON
Steer	PERSON
Executive	TITLE
Vice	TITLE
President	TITLE
Chief	TITLE
Financial	TITLE
Officer	TITLE
David	PERSON
M.	PERSON
Becker	PERSON
Senior	TITLE
Vice	TITLE
President	TITLE
General	TITLE
Counsel	TITLE
Secretary	TITLE
James	PERSON
L.	PERSON
Gutsch	PERSON
Senior	TITLE
Vice	TITLE
President	TITLE
Ralph	PERSON
L.	PERSON
Moss	PERSON
Senior	TITLE
Vice	TITLE
President	TITLE
David	PERSON
S.	PERSON
Oswalt	PERSON
Senior	TITLE
Vice	TITLE
President	TITLE
David	PERSON
H.	PERSON
Rankin	PERSON
Senior	TITLE
Vice	TITLE
President	TITLE
Michael	PERSON
D.	PERSON
Trollinger	PERSON
Vice	TITLE
President	TITLE
Corporate	TITLE
Controller	TITLE
Chief	TITLE
Accounting	TITLE
Officer	TITLE
Ty	PERSON
A.	PERSON
Tywater	PERSON
Vice	TITLE
President	TITLE
Zachery	PERSON
J.	PERSON
Holden	PERSON
Assistant	TITLE
Secretary	TITLE
Catherine	PERSON
M.	PERSON
Verschelden	PERSON
Assistant	TITLE
Secretary	TITLE
Adriana	PERSON
N.	PERSON
Hoskins	PERSON
Assistant	TITLE
Treasurer	TITLE
Steven	PERSON
J.	PERSON
Bresky	PERSON
Vice	TITLE
President	TITLE
Vice	TITLE
President	TITLE
