John	PERSON
F.	PERSON
Lundgren	PERSON
Chairman	TITLE
Chief	TITLE
Executive	TITLE
Officer	TITLE
James	PERSON
M.	PERSON
Loree	PERSON
President	TITLE
Chief	TITLE
Operating	TITLE
Officer	TITLE
Donald	PERSON
Allan	PERSON
Senior	TITLE
VP	TITLE
Chief	TITLE
Financial	TITLE
Officer	TITLE
Jon	PERSON
Michael	PERSON
Adinolfi	PERSON
President	TITLE
Govind	PERSON
Arora	PERSON
President	TITLE
Aru	PERSON
Bala	PERSON
President	TITLE
Michael	PERSON
A.	PERSON
Bartone	PERSON
Vice	TITLE
President	TITLE
Bruce	PERSON
H.	PERSON
Beatt	PERSON
Senior	TITLE
Vice	TITLE
President	TITLE
General	TITLE
Counsel	TITLE
James	PERSON
Cannon	PERSON
President	TITLE
Craig	PERSON
A.	PERSON
Douglas	PERSON
Vice	TITLE
President	TITLE
Rhonda	PERSON
Gass	PERSON
Vice	TITLE
President	TITLE
Chief	TITLE
Information	TITLE
Officer	TITLE
Deb	PERSON
Geyer	PERSON
Vice	TITLE
President	TITLE
Pete	PERSON
Morris	PERSON
President	TITLE
Lee	PERSON
McChesney	PERSON
Chief	TITLE
Financial	TITLE
Officer	TITLE
President	TITLE
Barb	PERSON
Popoli	PERSON
President	TITLE
Mike	PERSON
Prado	PERSON
Vice	TITLE
President	TITLE
Jaime	PERSON
Ramirez	PERSON
Senior	TITLE
VP	TITLE
President	TITLE
James	PERSON
Ray	PERSON
Vice	TITLE
President	TITLE
Ben	PERSON
Sihota	PERSON
President	TITLE
Steven	PERSON
J.	PERSON
Stafstrom	PERSON
Vice	TITLE
President	TITLE
William	PERSON
Taylor	PERSON
President	TITLE
Joe	PERSON
Voelker	PERSON
Senior	TITLE
Vice	TITLE
President	TITLE
Greg	PERSON
Waybright	PERSON
Vice	TITLE
President	TITLE
John	PERSON
Wyatt	PERSON
President	TITLE
Christine	PERSON
Yingli	PERSON
Yan	PERSON
President	TITLE
