James	PERSON
L.	PERSON
Robo	PERSON
Eric	PERSON
Silagy	PERSON
Armando	PERSON
Pimentel	PERSON
Charles	PERSON
E.	PERSON
Sieving	PERSON
John	PERSON
Ketchum	PERSON
Deborah	PERSON
H.	PERSON
Caplan	PERSON
James	PERSON
L.	PERSON
Robo	PERSON
Chairman	TITLE
Chief	TITLE
Executive	TITLE
Officer	TITLE
Eric	PERSON
Silagy	PERSON
President	TITLE
Chief	TITLE
Executive	TITLE
Officer	TITLE
Armando	PERSON
Pimentel	PERSON
President	TITLE
Chief	TITLE
Executive	TITLE
Officer	TITLE
John	PERSON
Ketchum	PERSON
Executive	TITLE
Vice	TITLE
President	TITLE
Finance	TITLE
and	TITLE
Chief	TITLE
Financial	TITLE
Officer	TITLE
Charles	PERSON
E.	PERSON
Sieving	PERSON
Executive	TITLE
Vice	TITLE
President	TITLE
General	TITLE
Counsel	TITLE
Deborah	PERSON
H.	PERSON
Caplan	PERSON
Executive	TITLE
Vice	TITLE
President	TITLE
