We	O
grow	O
our	O
business	O
by	O
helping	O
our	O
clients	O
grow	O
theirs	O
.	O
By	O
putting	O
their	O
needs	O
first	O
,	O
we	O
build	O
long-term	O
,	O
relationships	O
with	O
industrial	O
,	O
commercial	O
,	O
and	O
government	O
clients	O
in	O
multiple	O
markets	O
.	O
In	O
fact	O
,	O
more	O
than	O
90	O
percent	O
of	O
our	O
work	O
is	O
repeat	O
,	O
business	O
.	O
That	O
commitment	O
to	O
client	O
value	O
and	O
partnership	O
produces	O
consistent	O
cost	O
advantages	O
,	O
profits	O
and	O
growth	O
for	O
Jacobs	O
,	O
allowing	O
us	O
to	O
attract	O
and	O
retain	O
the	O
industry	O
's	O
top	O
talent	O
.	O
Today	O
,	O
nearly	O
60	O
,	O
000	O
employees	O
help	O
us	O
prosper	O
in	O
diverse	O
industries	O
by	O
holding	O
true	O
to	O
our	O
values	O
and	O
culture	O
.	O
Headquartered	O
in	O
Pasadena	O
,	O
California	O
,	O
USA	O
,	O
our	O
global	O
network	O
spans	O
more	O
than	O
230	O
+	O
offices	O
in	O
countries	O
across	O
North	O
America	O
,	O
South	O
America	O
,	O
Europe	O
,	O
the	O
Middle	O
East	O
,	O
India	O
,	O
Australia	O
,	O
Africa	O
,	O
and	O
Asia	O
.	O
Please	O
contact	O
shareholder.information@jacobs.com	O
to	O
receive	O
additional	O
investor	O
materials	O
.	O
More	O
information	O
about	O
Jacobs	O
is	O
also	O
available	O
in	O
our	O
SEC	O
filings	O
.	O
Latest	O
News	O
and	O
Press	O
Releases	O
See	O
more	O
press	O
releases	O
Historical	O
Price	O
Look	O
Up	O
Investor	O
calculator	O
Forward-Looking	O
Statement	O
Disclaimer	O
Applies	O
Statements	O
that	O
are	O
not	O
based	O
on	O
historical	O
fact	O
are	O
forward-looking	O
statements	O
.	O
Although	O
such	O
statements	O
are	O
based	O
on	O
management	O
's	O
current	O
estimates	O
and	O
expectations	O
,	O
and	O
currently	O
available	O
competitive	O
,	O
financial	O
,	O
and	O
economic	O
data	O
,	O
forward-looking	O
statements	O
are	O
inherently	O
uncertain	O
.	O
We	O
,	O
therefore	O
,	O
caution	O
the	O
reader	O
that	O
there	O
are	O
a	O
variety	O
of	O
factors	O
that	O
could	O
cause	O
business	O
conditions	O
and	O
results	O
to	O
differ	O
materially	O
from	O
what	O
is	O
contained	O
in	O
our	O
forward-looking	O
statements	O
.	O
For	O
a	O
description	O
of	O
some	O
of	O
the	O
factors	O
which	O
may	O
occur	O
that	O
could	O
cause	O
actual	O
results	O
to	O
differ	O
from	O
our	O
forward-looking	O
statements	O
please	O
refer	O
to	O
our	O
2009	O
Form	O
10-K	O
,	O
and	O
in	O
particular	O
the	O
discussions	O
contained	O
under	O
Items	O
1	O
-	O
Business	O
,	O
1A	O
-	O
Risk	O
Factors	O
,	O
3	O
-	O
Legal	O
Proceedings	O
,	O
and	O
7	O
-	O
Management	O
's	O
Discussion	O
and	O
Analysis	O
of	O
Financial	O
Condition	O
and	O
Results	O
of	O
Operations	O
.	O
We	O
caution	O
readers	O
that	O
we	O
do	O
not	O
undertake	O
to	O
update	O
any	O
forward-looking	O
.	O
Latest	O
Featured	O
events	O
Aug	O
9	O
,	O
2016	O
at	O
10:00	O
AM	O
ET	O
Q3	O
2016	O
Jacobs	O
Earnings	O
Conference	O
Call	O
Listen	O
to	O
the	O
live	O
webcast	O
View	O
the	O
Press	O
Release	O
?	O
-LRB-	O
-RRB-	O
See	O
more	O
events	O
Stock	O
quote	O
Stock	O
Quote	O
:	O
NYSE	O
Jacobs	O
Engineering	O
Group	O
Inc.	O
.	O
NYSE	O
:	O
JEC	O
$	O
53.49	O
on	O
Aug	O
1	O
,	O
2016	O
at	O
5:00	O
P.M.	O
Change	O
:	O
+0.00	O
-LRB-	O
+0	O
%	O
-RRB-	O
Volume	O
:	O
617	O
,	O
600	O
Stay	O
in	O
touch	O
Sign	O
up	O
for	O
email	O
alerts	O
whenever	O
Jacobs	O
posts	O
new	O
investor	O
information	O
.	O
Email	O
Address	O
*	O
Mailing	O
Lists	O
*	O
Press	O
releases	O
SEC	O
filings	O
Presentations	O
Events	O
Financial	O
reports	O
,	O
Enter	O
the	O
code	O
shown	O
above	O
.	O
*	O
or	O
email	O
us	O
at	O
investor.relations@jacobs.com	O
Transfer	O
agent	O
Correspondence	O
about	O
share	O
ownership	O
,	O
transfer	O
requirements	O
,	O
changes	O
of	O
address	O
,	O
lost	O
stock	O
certificates	O
,	O
and	O
account	O
status	O
may	O
be	O
directed	O
to	O
:	O
Wells	O
Fargo	O
Shareowner	O
Services	O
,	O
161	O
North	O
Concord	O
Exchange	O
Street	O
,	O
South	O
St.	O
Paul	O
,	O
Minnesota	O
55075-1139	O
,	O
+	O
1.800.468.9716	O
voice	O
,	O
+	O
1.651.450.4064	O
voice	O
,	O
+	O
1.651.450.4033	O
fax	O
,	O
http://www.wellsfargo.com/shareownerservices	O
,	O
Forward-Looking	O
Statement	O
Disclaimer	O
Applies	O
Statements	O
that	O
are	O
not	O
based	O
on	O
historical	O
fact	O
are	O
forward-looking	O
statements	O
.	O
Although	O
such	O
statements	O
are	O
based	O
on	O
management	O
's	O
current	O
estimates	O
and	O
expectations	O
,	O
and	O
currently	O
available	O
competitive	O
,	O
financial	O
,	O
and	O
economic	O
data	O
,	O
forward-looking	O
statements	O
are	O
inherently	O
uncertain	O
.	O
We	O
,	O
therefore	O
,	O
caution	O
the	O
reader	O
that	O
there	O
are	O
a	O
variety	O
of	O
factors	O
that	O
could	O
cause	O
business	O
conditions	O
and	O
results	O
to	O
differ	O
materially	O
from	O
what	O
is	O
contained	O
in	O
our	O
forward-looking	O
statements	O
.	O
For	O
a	O
description	O
of	O
some	O
of	O
the	O
factors	O
which	O
may	O
occur	O
that	O
could	O
cause	O
actual	O
results	O
to	O
differ	O
from	O
our	O
forward-looking	O
statements	O
please	O
refer	O
to	O
our	O
2009	O
Form	O
10-K	O
,	O
and	O
in	O
particular	O
the	O
discussions	O
contained	O
under	O
Items	O
1	O
-	O
Business	O
,	O
1A	O
-	O
Risk	O
Factors	O
,	O
3	O
-	O
Legal	O
Proceedings	O
,	O
and	O
7	O
-	O
Management	O
's	O
Discussion	O
and	O
Analysis	O
of	O
Financial	O
Condition	O
and	O
Results	O
of	O
Operations	O
.	O
We	O
caution	O
readers	O
that	O
we	O
do	O
not	O
undertake	O
to	O
update	O
any	O
forward-looking.	O
,	O
Audit	O
Committee	O
Purpose	O
:	O
,	O
Chaired	O
by	O
Joseph	O
R.	O
Bronson	O
,	O
the	O
Audit	O
Committee	O
assists	O
our	O
Board	O
in	O
overseeing	O
the	O
integrity	O
of	O
our	O
financial	O
statements	O
,	O
verifying	O
our	O
compliance	O
with	O
legal	O
and	O
regulatory	O
requirements	O
,	O
and	O
supervising	O
the	O
performance	O
of	O
our	O
internal	O
audit	O
function	O
.	O
Audit	O
Committee	O
Charter	O
Joseph	O
R.	O
Bronson	O
,	O
-LRB-	O
Chair	O
-RRB-	O
Christopher	O
M.T.	O
,	O
Thompson	O
Peter	O
J.	O
,	O
Robertson	O
,	O
Contact	O
Our	O
Audit	O
Committee	O
Nominating	O
and	O
Corporate	O
Governance	O
Committee	O
Purpose	O
:	O
,	O
Chaired	O
by	O
Robert	O
C.	O
Davidson	O
,	O
Jr.	O
,	O
the	O
Nominating	O
and	O
Corporate	O
Governance	O
Committee	O
assists	O
our	O
Board	O
in	O
identifying	O
and	O
recommending	O
qualified	O
individuals	O
to	O
become	O
directors	O
,	O
and	O
in	O
developing	O
and	O
implementing	O
our	O
Company	O
's	O
corporate	O
governance	O
guidelines	O
.	O
Nominating	O
and	O
Corporate	O
Governance	O
Committee	O
Charter	O
Robert	O
C.	O
,	O
Davidson	O
,	O
Jr.	O
-LRB-	O
Chair	O
-RRB-	O
Juan	O
José	O
Suárez	O
,	O
Coppel	O
Dawne	O
S.	O
,	O
Hickton	O
,	O
Human	O
Resource	O
and	O
Compensation	O
Committee	O
Purpose	O
:	O
,	O
Chaired	O
by	O
Linda	O
Fayne	O
Levinson	O
,	O
the	O
Human	O
Resource	O
and	O
Compensation	O
Committee	O
approves	O
all	O
of	O
the	O
policies	O
that	O
determine	O
executive	O
compensation	O
and	O
assists	O
our	O
Board	O
in	O
evaluating	O
and	O
developing	O
candidates	O
for	O
executive	O
positions.	O
,	O
Human	O
Resource	O
and	O
Compensation	O
Committee	O
Charter	O
Linda	O
Fayne	O
,	O
Levinson	O
-LRB-	O
Chair	O
-RRB-	O
Ralph	O
E.	O
Eberhart	O
,	O
John	O
F.	O
Coyne	O
,	O
Contact	O
Our	O
Board	O
Shareholders	O
,	O
employees	O
and	O
interested	O
parties	O
who	O
wish	O
to	O
communicate	O
with	O
our	O
Company	O
's	O
independent	O
directors	O
may	O
do	O
so	O
by	O
either	O
:	O
Calling	O
confidentially	O
or	O
anonymously	O
to	O
our	O
Company	O
's	O
Integrity	O
Hotline	O
,	O
+1.877.522.6272	O
;	O
,	O
Writing	O
directly	O
,	O
confidentially	O
or	O
anonymously	O
using	O
an	O
envelope	O
marked	O
confidential	O
to	O
:	O
,	O
Lead	O
Independent	O
Director	O
,	O
c/o	O
Corporate	O
Secretary	O
,	O
Jacobs	O
Engineering	O
Group	O
Inc.	O
,	O
155	O
North	O
Lake	O
Avenue	O
91101	O
,	O
P.O.	O
Box	O
7084	O
,	O
Pasadena	O
,	O
California	O
,	O
USA.	O
,	O
91109-7084	O
;	O
or	O
,	O
Sending	O
a	O
confidential	O
e-mail	O
to	O
leadindependent.director@jacobs.com	O
Contact	O
Our	O
Audit	O
Committee	O
Shareholders	O
,	O
employees	O
and	O
interested	O
parties	O
may	O
submit	O
at	O
any	O
time	O
a	O
good	O
faith	O
complaint	O
regarding	O
any	O
questionable	O
accounting	O
,	O
internal	O
accounting	O
controls	O
,	O
or	O
auditing	O
matters	O
concerning	O
our	O
Company	O
without	O
fear	O
of	O
dismissal	O
or	O
retaliation	O
of	O
any	O
kind	O
.	O
We	O
encourage	O
employees	O
to	O
report	O
their	O
concerns	O
and	O
complaints	O
to	O
our	O
Company	O
's	O
senior	O
management	O
;	O
to	O
the	O
Vice	O
President	O
,	O
Internal	O
Audit	O
;	O
or	O
to	O
the	O
Audit	O
Committee	O
of	O
the	O
Board	O
of	O
Directors	O
.	O
Shareholders	O
,	O
employees	O
and	O
interested	O
parties	O
who	O
wish	O
to	O
communicate	O
with	O
our	O
Audit	O
Committee	O
may	O
do	O
so	O
by	O
either	O
:	O
Calling	O
confidentially	O
or	O
anonymously	O
to	O
our	O
Company	O
's	O
Integrity	O
Hotline	O
,	O
+1.877.522.6272	O
;	O
,	O
Writing	O
directly	O
,	O
confidentially	O
or	O
anonymously	O
using	O
an	O
envelope	O
marked	O
confidential	O
to	O
:	O
,	O
Chair	O
,	O
Audit	O
Committee	O
,	O
c/o	O
Corporate	O
Secretary	O
,	O
Jacobs	O
Engineering	O
Group	O
Inc.	O
,	O
155	O
North	O
Lake	O
Avenue	O
91101	O
,	O
P.O.	O
Box	O
7084	O
,	O
Pasadena	O
,	O
California	O
,	O
USA.	O
,	O
91109-7084	O
;	O
or	O
,	O
Sending	O
a	O
confidential	O
e-mail	O
to	O
audit.committee@jacobs.com.,	O
Purpose	O
:	O
,	O
Chaired	O
by	O
Joseph	O
R.	O
Bronson	O
,	O
the	O
Audit	O
Committee	O
assists	O
our	O
Board	O
in	O
overseeing	O
the	O
integrity	O
of	O
our	O
financial	O
statements	O
,	O
verifying	O
our	O
compliance	O
with	O
legal	O
and	O
regulatory	O
requirements	O
,	O
and	O
supervising	O
the	O
performance	O
of	O
our	O
internal	O
audit	O
function	O
.	O
Audit	O
Committee	O
Charter	O
Members	O
:	O
,	O
Joseph	O
R.	O
Bronson	O
-LRB-	O
Chair	O
-RRB-	O
,	O
Peter	O
J.	O
Robertson	O
,	O
Christopher	O
M.T.	O
Thompson	O
,	O
Contact	O
Our	O
Audit	O
Committee	O
Purpose	O
:	O
,	O
Chaired	O
by	O
Linda	O
Fayne	O
Levinson	O
,	O
the	O
Human	O
Resource	O
and	O
Compensation	O
Committee	O
approves	O
all	O
of	O
the	O
policies	O
that	O
determine	O
executive	O
compensation	O
and	O
assists	O
our	O
Board	O
in	O
evaluating	O
and	O
developing	O
candidates	O
for	O
executive	O
positions	O
.	O
Human	O
Resource	O
and	O
Compensation	O
Committee	O
Charter	O
Members	O
:	O
,	O
Linda	O
Fayne	O
Levinson	O
-LRB-	O
Chair	O
-RRB-	O
,	O
Ralph	O
E.	O
Eberhart	O
,	O
John	O
F.	O
Coyne	O
Purpose	O
:	O
,	O
Chaired	O
by	O
Edward	O
Fritzky	O
,	O
the	O
Nominating	O
and	O
Corporate	O
Governance	O
Committee	O
assists	O
our	O
Board	O
in	O
identifying	O
and	O
recommending	O
qualified	O
individuals	O
to	O
become	O
directors	O
,	O
and	O
in	O
developing	O
and	O
implementing	O
our	O
Company	O
's	O
corporate	O
governance	O
guidelines	O
.	O
Nominating	O
and	O
Corporate	O
Governance	O
Committee	O
Charter	O
Members	O
:	O
,	O
Edward	O
V.	O
Fritzky	O
-LRB-	O
Chair	O
-RRB-	O
,	O
Robert	O
C.	O
Davidson	O
,	O
Jr.	O
,	O
Juan	O
José	O
Suárez	O
Coppel	O
Shareholders	O
,	O
employees	O
and	O
interested	O
parties	O
who	O
wish	O
to	O
communicate	O
with	O
our	O
Company	O
's	O
independent	O
directors	O
may	O
do	O
so	O
by	O
either	O
:	O
Calling	O
confidentially	O
or	O
anonymously	O
to	O
our	O
Company	O
's	O
Integrity	O
Hotline	O
,	O
1.877.522.6272	O
;	O
Writing	O
directly	O
,	O
confidentially	O
or	O
anonymously	O
using	O
an	O
envelope	O
marked	O
confidential	O
to	O
:	O
,	O
Presiding	O
Director	O
,	O
c/o	O
Corporate	O
Secretary	O
,	O
Jacobs	O
Engineering	O
Group	O
Inc.	O
,	O
155	O
North	O
Lake	O
Avenue	O
91101	O
,	O
P.O.	O
Box	O
7084	O
,	O
Pasadena	O
,	O
California	O
,	O
U.S.A.	O
,	O
91109-7084	O
;	O
or	O
Sending	O
a	O
confidential	O
e-mail	O
to	O
presiding.director@jacobs.com	O
.	O
Contact	O
Our	O
Audit	O
Committee	O
Shareholders	O
,	O
employees	O
and	O
interested	O
parties	O
may	O
submit	O
at	O
any	O
time	O
a	O
good	O
faith	O
complaint	O
regarding	O
any	O
questionable	O
accounting	O
,	O
internal	O
accounting	O
controls	O
,	O
or	O
auditing	O
matters	O
concerning	O
our	O
Company	O
without	O
fear	O
of	O
dismissal	O
or	O
retaliation	O
of	O
any	O
kind	O
.	O
We	O
encourage	O
employees	O
to	O
report	O
their	O
concerns	O
and	O
complaints	O
to	O
our	O
Company	O
's	O
senior	O
management	O
;	O
to	O
the	O
Vice	O
President	O
,	O
Internal	O
Audit	O
;	O
or	O
to	O
the	O
Audit	O
Committee	O
of	O
the	O
Board	O
of	O
Directors	O
.	O
Shareholders	O
,	O
employees	O
and	O
interested	O
parties	O
who	O
wish	O
to	O
communicate	O
with	O
our	O
Audit	O
Committee	O
may	O
do	O
so	O
by	O
either	O
:	O
Calling	O
confidentially	O
or	O
anonymously	O
to	O
our	O
Company	O
's	O
Integrity	O
Hotline	O
,	O
1.877.522.6272	O
;	O
Writing	O
directly	O
,	O
confidentially	O
or	O
anonymously	O
using	O
an	O
envelope	O
marked	O
confidential	O
to	O
:	O
,	O
Chair	O
,	O
Audit	O
Committee	O
,	O
c/o	O
Corporate	O
Secretary	O
,	O
Jacobs	O
Engineering	O
Group	O
Inc.	O
,	O
155	O
North	O
Lake	O
Avenue	O
91101	O
,	O
P.O.	O
Box	O
7084	O
,	O
Pasadena	O
,	O
California	O
,	O
U.S.A.	O
,	O
91109-7084	O
;	O
or	O
Sending	O
a	O
confidential	O
e-mail	O
to	O
audit.committee@jacobs.com.,	O
Download	O
Description	O
Jacobs	O
Code	O
of	O
Conduct	O
3.28	O
MB	O
Certificate	O
of	O
Incorporation	O
328	O
KB	O
Corporate	O
Bylaws	O
74	O
KB	O
Code	O
of	O
Business	O
Conduct	O
and	O
Ethics	O
for	O
Board	O
of	O
Directors	O
As	O
amended	O
and	O
restated	O
on	O
March	O
27	O
,	O
2014	O
to	O
reflect	O
certain	O
technical	O
and	O
ministerial	O
changes	O
.	O
30	O
KB	O
Code	O
of	O
Ethics	O
for	O
the	O
Chief	O
Executive	O
Officer	O
and	O
Senior	O
Financial	O
Officers	O
As	O
amended	O
and	O
restated	O
on	O
March	O
27	O
,	O
2014	O
to	O
reflect	O
certain	O
technical	O
and	O
ministerial	O
changes	O
.	O
29	O
KB	O
Board	O
of	O
Directors	O
Guidelines	O
for	O
Determining	O
the	O
Independence	O
of	O
its	O
Members	O
87	O
KB	O
Corporate	O
Governance	O
Guidelines	O
34	O
KB	O
,	O
Forward-Looking	O
Statement	O
Disclaimer	O
Applies	O
Statements	O
that	O
are	O
not	O
based	O
on	O
historical	O
fact	O
are	O
forward-looking	O
statements	O
.	O
Although	O
such	O
statements	O
are	O
based	O
on	O
management	O
's	O
current	O
estimates	O
and	O
expectations	O
,	O
and	O
currently	O
available	O
competitive	O
,	O
financial	O
,	O
and	O
economic	O
data	O
,	O
forward-looking	O
statements	O
are	O
inherently	O
uncertain	O
.	O
We	O
,	O
therefore	O
,	O
caution	O
the	O
reader	O
that	O
there	O
are	O
a	O
variety	O
of	O
factors	O
that	O
could	O
cause	O
business	O
conditions	O
and	O
results	O
to	O
differ	O
materially	O
from	O
what	O
is	O
contained	O
in	O
our	O
forward-looking	O
statements	O
.	O
For	O
a	O
description	O
of	O
some	O
of	O
the	O
factors	O
which	O
may	O
occur	O
that	O
could	O
cause	O
actual	O
results	O
to	O
differ	O
from	O
our	O
forward-looking	O
statements	O
please	O
refer	O
to	O
our	O
2009	O
Form	O
10-K	O
,	O
and	O
in	O
particular	O
the	O
discussions	O
contained	O
under	O
Items	O
1	O
-	O
Business	O
,	O
1A	O
-	O
Risk	O
Factors	O
,	O
3	O
-	O
Legal	O
Proceedings	O
,	O
and	O
7	O
-	O
Management	O
's	O
Discussion	O
and	O
Analysis	O
of	O
Financial	O
Condition	O
and	O
Results	O
of	O
Operations	O
.	O
We	O
caution	O
readers	O
that	O
we	O
do	O
not	O
undertake	O
to	O
update	O
any	O
forward-looking.	O
,	O
http://invest.jacobs.com/investors/default.aspx#gov	O
